classification,BUY,SELL
Extreme Fear,0.5109813084112149,0.489018691588785
Extreme Greed,0.4485897179435887,0.5514102820564113
Fear,0.4895127512654236,0.5104872487345764
Greed,0.488559330457428,0.5114406695425721
Neutral,0.5033434166533991,0.49665658334660084
