Performance,Closed PnL,Size USD,Win
Others,44.88911867351231,6134.568485592926,37.56797040231409
Top Performers,64.54389413075866,3613.3985200453217,55.68814638027049
