,Closed PnL,Closed PnL,Closed PnL,Size USD,Win
,mean,median,sum,mean,mean
classification,,,,,
Extreme Fear,34.53786207897196,0.0,739110.24849,5349.7318429906545,37.0607476635514
Extreme Greed,67.89286133909282,0.0,2715171.310673,3112.2515645629123,46.49429885977195
Fear,54.2903996254993,0.0,3357155.441642,7816.109930785776,42.07675016575836
Greed,42.74355948851957,0.0,2150129.272951,5736.884375086974,38.48279426674354
Neutral,34.30771839807886,0.0,1292920.67555,4782.732661465797,39.69909250119408
