Trader Type,Average PnL,Average Trade Size,Win Rate,Total Trades
Frequent,38.14107165357505,4813.325077592998,42.33355844448196,142152
Infrequent,70.58039908699618,7339.640607337271,38.642286309937454,69072
